<?xml version="1.0" encoding="UTF-8"?>
<faces-config xmlns="https://jakarta.ee/xml/ns/jakartaee"
	xmlns:xsi="http://www.w3.org/2001/XMLSchema-instance"
	xsi:schemaLocation="https://jakarta.ee/xml/ns/jakartaee https://jakarta.ee/xml/ns/jakartaee/web-facesconfig_3_0.xsd"
	version="3.0">
	<navigation-rule>
		<from-view-id>/login.xhtml</from-view-id>
		<navigation-case>
			<from-outcome>register</from-outcome>
			<to-view-id>/index.xhtml</to-view-id>
		</navigation-case>
		<navigation-case>
			<from-outcome>pantallaprincipal.xhtml</from-outcome>
			<to-view-id>/pantallaprincipal.xhtml</to-view-id>
			<redirect />
		</navigation-case>
	</navigation-rule>
</faces-config>